link,comment,perception,sentiment
https://x.com/BRICSinfo/status/2039119905748857198?s=20,There have been real reports of Iranian strikes targeting U.S. bases in the region—showing how vulnerable even major military powers can be in this escalating conflict.,believe,neutral
https://x.com/BRICSinfo/status/2039119905748857198?s=20,"the correspondence with different news channels is disrupting the communication from not leaving court to the axis countries… still in the middle part of the forest, missing the southern part of your (lips) @USFleetForces the prisoners of war have been played with their moms",uncertain,neutral
https://x.com/BRICSinfo/status/2039119905748857198?s=20,Where is his trouser?,uncertain,neutral
https://x.com/BRICSinfo/status/2039119905748857198?s=20,Caught off guard with no pants on 🤣,disbelieve,positive
https://x.com/BRICSinfo/status/2039119905748857198?s=20,"Trump: 'Peace through strength!' Reality: US troops scurrying like scared cats as Iranian missiles rain down. Thanks for the show, Don. Nothing says 'winning' like soldiers hiding from fireworks. 🫡💥 #Iran",believe,negative
https://x.com/BRICSinfo/status/2039119905748857198?s=20,Fuck them...,believe,negative
https://x.com/BRICSinfo/status/2039119905748857198?s=20,This are american troops? bro don’t even have a pants on to begin with,disbelieve,neutral
https://x.com/BRICSinfo/status/2039119905748857198?s=20,hellfire,believe,negative 
https://x.com/BRICSinfo/status/2039119905748857198?s=20,OMG,believe,negative 
https://x.com/BRICSinfo/status/2039119905748857198?s=20,hellfire,believe,negative 
https://x.com/BRICSinfo/status/2039119905748857198?s=20,No more invading Iraq I tell you,believe,neutral
https://x.com/BRICSinfo/status/2039119905748857198?s=20,Come on! Useless missile,believe,negative
https://x.com/BRICSinfo/status/2039119905748857198?s=20,Hit those rats.,believe,negative
https://x.com/BRICSinfo/status/2039119905748857198?s=20,@grok is this a.i generated?,uncertain,neutral
https://x.com/BRICSinfo/status/2039119905748857198?s=20,At every Hour Death is near,believe,neutral
https://x.com/BRICSinfo/status/2039119905748857198?s=20,Pray for our soldiers. These comments are disgusting.,believe,negative
https://x.com/BRICSinfo/status/2039119905748857198?s=20,Israel please increase US budget for pants,disbelieve,neutral
https://x.com/BRICSinfo/status/2039119905748857198?s=20,This looks real.,believe,neutral
https://x.com/BRICSinfo/status/2039119905748857198?s=20,Sad reality!!!,believe,negative
https://x.com/BRICSinfo/status/2039119905748857198?s=20,Surprise surprise motherfucker,believe,positive
https://x.com/BRICSinfo/status/2039119905748857198?s=20,They are seeing flames😭😂😂😂,believe,positive
https://x.com/BRICSinfo/status/2039119905748857198?s=20,@grok is this AI????,uncertain,neutral
https://x.com/BRICSinfo/status/2039119905748857198?s=20,Die for Israel,believe,neutral
https://x.com/BRICSinfo/status/2039119905748857198?s=20,"Iran will surrender, and the United States will control the Strait of Hormuz since the middle eastern nations can’t seem to handle themselves",believe,neutral
https://x.com/BRICSinfo/status/2039119905748857198?s=20,Is the Middle East spiraling out control,believe,neutral
https://x.com/BRICSinfo/status/2039119905748857198?s=20,Iran is running out of real missles. Their recent missles are not having real impact as before,believe,neutral
https://x.com/BRICSinfo/status/2039119905748857198?s=20,Something ain't right,disbelieve,neutral
https://x.com/BRICSinfo/status/2039119905748857198?s=20,Thank God the person is safe 🙏,believe,neutral
https://x.com/BRICSinfo/status/2039119905748857198?s=20,@grok always be cautious,disbelieve,neutral
https://x.com/BRICSinfo/status/2039119905748857198?s=20,Geopolitical events like this introduce volatility. Consider assessing the market's probability pricing for impact on oil and defense sectors.,uncertain,neutral
https://x.com/BRICSinfo/status/2039119905748857198?s=20,1. Where is your pant ?,disbelieve,neutral
https://x.com/BRICSinfo/status/2039119905748857198?s=20,Look at American troop? 😂😂bro don’t even have a pant on,disbelieve,positive
https://x.com/BRICSinfo/status/2039119905748857198?s=20,"American troops are the finest in the world, they take the hit and keep fighting. This is why we need unmatched strength: to protect our warriors and interests. USA will never back down from evil regimes. We stand tall, fight hard, and win. God bless our troops and America! 🇺🇸💪",believe,neutral
https://x.com/BRICSinfo/status/2039119905748857198?s=20,American citizens should blame Trump for sending their sons and daughters to an early death by flighting for a foreign genocidal country like Israel.,believe,negative
https://x.com/BRICSinfo/status/2039119905748857198?s=20,US troops taking cover in the Middle East,believe,neutral
https://x.com/BRICSinfo/status/2039119905748857198?s=20,Pretty terrifying👀,believe,negative
https://x.com/BRICSinfo/status/2039119905748857198?s=20,Why do conflicts like this always drag innocent people into it war ?,believe,negative
https://x.com/BRICSinfo/status/2039119905748857198?s=20,This happened yesterday,believe,neutral
https://x.com/BRICSinfo/status/2039119905748857198?s=20,@MrSmegOfficial Ok things are bad😭,believe,negative
https://x.com/BRICSinfo/status/2039119905748857198?s=20,this video could literally be any fucking thing LMAO,disbelieve,positive
https://x.com/BRICSinfo/status/2039119905748857198?s=20,@grok is this true. They don't look American.,uncertain,neutral
https://x.com/BRICSinfo/status/2039119905748857198?s=20,Remind me why Israeli troops aren’t involved?,believe,neutral
https://x.com/BRICSinfo/status/2039119905748857198?s=20,"American soldiers playing touch butt in their underwear, I have seen enough to know whos gonna win the war",believe,neutral
https://x.com/BRICSinfo/status/2039119905748857198?s=20,Mfs are like rats in a tunnel,believe,neutral
https://x.com/BRICSinfo/status/2039119905748857198?s=20,Come a little closer!,believe,positive
https://x.com/BRICSinfo/status/2039119905748857198?s=20,World is laughing on USA,believe,positive
https://x.com/BRICSinfo/status/2039119905748857198?s=20,In which country is this happening? @grok,believe,neutral
https://x.com/BRICSinfo/status/2039119905748857198?s=20,"If Iranian missiles forcing American troops to take cover shows anything, it’s that the U.S. presence in the Middle East has become the very destabilizing force it claims to ‘protect’ against — a self‑fulfilling justification for endless war. Maybe if the U.S. hadn’t spent",believe,negative
https://x.com/BRICSinfo/status/2039119905748857198?s=20,Bullish af. Max long everything and short oil.,believe,negative
https://x.com/BRICSinfo/status/2039119905748857198?s=20,All yall are fxckin dead,believe,negative
https://x.com/BRICSinfo/status/2039119905748857198?s=20,bored of peace,believe,neutral
https://x.com/BRICSinfo/status/2039119905748857198?s=20,Bless our soldiers. This is not their doing. Scary,believe,negative
https://x.com/BRICSinfo/status/2039119905748857198?s=20,@invincibleDelo Bro even had no pants on 🤣,believe,positive
https://x.com/BRICSinfo/status/2039119905748857198?s=20,“the greatest troops in the world” they said,believe,neutral
https://x.com/BRICSinfo/status/2039119905748857198?s=20,"The Iranian army is attacking US military bases with ballistic missiles, US soldiers are fighting for their lives. At this time, Spain, Italy, France have clearly refused to give their airspace for any attack against Iran. This is a clear message for America: in future, they",believe,neutral
https://x.com/BRICSinfo/status/2039119905748857198?s=20,On your ground invasion I’n iran your marine ass will be opened when we all find out there paper tiger 🤦‍♂️,believe,negative
https://x.com/BRICSinfo/status/2039119905748857198?s=20,My God. Terrifying.,believe,negative
https://x.com/BRICSinfo/status/2039119905748857198?s=20,israel doesn't thank you buddy,believe,neutral
https://x.com/BRICSinfo/status/2039119905748857198?s=20,@ia_bebeto When would this end ?,believe,negative
https://x.com/BRICSinfo/status/2039119905748857198?s=20,nigga look gay 😂,believe,positive
https://x.com/BRICSinfo/status/2039119905748857198?s=20,"and these guys in ""kaccha"" are there for ground invasion of Iran😂",believe,neutral
https://x.com/BRICSinfo/status/2039119905748857198?s=20,@grok Which specific U.S. base was struck by Iranian missiles in this incident and What kind of ballistic missiles did Iran use in the strike?,uncertain,neutral
https://x.com/BRICSinfo/status/2039119905748857198?s=20,@grok on which location it's shot,uncertain,neutral
https://x.com/BRICSinfo/status/2039119905748857198?s=20,This w@r is still ongoing? I thought they are negotiating a cease f!re?,uncertain,neutral
https://x.com/BRICSinfo/status/2039119905748857198?s=20,"Gholamhossein Mohseni Ejei, head of the judiciary and a central figure behind decades of executions and systemic repression, has been eliminated in a targeted strike today in Gisha, Tehran",uncertain,neutral
https://x.com/BRICSinfo/status/2039119905748857198?s=20,Closer than a SCUD!,believe,neutral
https://x.com/BRICSinfo/status/2039119905748857198?s=20,"@hvrveymvrcus A belief system should increase awareness of how your actions affect others, not reduce it. But when people start feeling justified in being harsh or dismissive, it usually means something important has been overlooked.",uncertain,neutral
https://x.com/BRICSinfo/status/2039119905748857198?s=20,The U.S. is going to have MANY MANY casualties. This lingerie model isn't protecting anyone soon.,believe,negative
https://x.com/BRICSinfo/status/2039119905748857198?s=20,"I keep hearing that they have just few missiles left to lunch, I am hoping they surrender soonest.",believe,neutral
https://x.com/BRICSinfo/status/2039119905748857198?s=20,@grok when was this?,uncertain,neutral
https://x.com/BRICSinfo/status/2039119905748857198?s=20,is this their usual uniform?,uncertain,neutral
https://x.com/BRICSinfo/status/2039119905748857198?s=20,Old! From 2020,disbelieve,neutral
https://x.com/BRICSinfo/status/2039119905748857198?s=20,Isso é castigo por atacar o país dos outros.,believe,neutral
https://x.com/BRICSinfo/status/2039119905748857198?s=20,"....well, there's more where that comes from",believe,positive
https://x.com/BRICSinfo/status/2039119905748857198?s=20,I'm glad no one was hurt in that attack.,believe,positive
https://x.com/BRICSinfo/status/2039119905748857198?s=20,Dear Lord please 🙏🏼 I pray for this war end!!!,believe,neutral
https://x.com/BRICSinfo/status/2039119905748857198?s=20,Trump was busy signing a ceasefire,believe,neutral
https://x.com/BRICSinfo/status/2039119905748857198?s=20,Verify this....? It's a real or fake.....? Show more.,uncertain,neutral
https://x.com/BRICSinfo/status/2039119905748857198?s=20,Iran's in panic mode. Is their leader gay,uncertain,neutral
https://x.com/BRICSinfo/status/2039119905748857198?s=20,Crazy 😱 @grok was this strike in a military base or embassy?,uncertain,negative
https://x.com/BRICSinfo/status/2039119905748857198?s=20,They only have Netanyahu and Trump to blame,believe,neutral
https://x.com/BRICSinfo/status/2039119905748857198?s=20,"They're like ""Damn these Arabs aren't just wielding sticks and rocks like we've been told so""",believe,neutral
https://x.com/BRICSinfo/status/2039119905748857198?s=20,Have no negotiations been made? @grok,believe,neutral
https://x.com/BRICSinfo/status/2039119905748857198?s=20,@grok verify this is true?,uncertain,neutral
https://x.com/BRICSinfo/status/2039119905748857198?s=20,Didn't happen under Biden,believe,neutral
https://x.com/BRICSinfo/status/2039119905748857198?s=20,Trump's inner circle is drinking wine at the White House.,believe,neutral
https://x.com/BRICSinfo/status/2039119905748857198?s=20,"Soldiers sleep. Not in full uniform. When there is incoming, protective gear is first and immediate movement to bunker.",believe,neutral
https://x.com/BRICSinfo/status/2039119905748857198?s=20,Sad..... They all survived,believe,negative
https://x.com/BRICSinfo/status/2039119905748857198?s=20,War sucks but imagine being an Iranian soldier,believe,negative
https://x.com/BRICSinfo/status/2039119905748857198?s=20,"US troops scrambling for cover as Iranian ballistic missiles light up the sky over a Gulf base. This comes amid ongoing retaliation in the 2026 Iran war, with strikes hitting sites like Prince Sultan Air Base — where reports confirm damage to an E-3 Sentry AWACS and injuries to",believe,negative
https://x.com/BRICSinfo/status/2039119905748857198?s=20,Meanwhile the instigators are in their houses😭,believe,negative
https://x.com/BRICSinfo/status/2039119905748857198?s=20,This looks ai? @grok am I wrong?,uncertain,neutral
https://x.com/BRICSinfo/status/2039119905748857198?s=20,Paid propaganda at its finest.,disbelieve,neutral
https://x.com/BRICSinfo/status/2039119905748857198?s=20,This feels so good to watch,believe,positive
https://x.com/BRICSinfo/status/2039119905748857198?s=20,yo war ain't just a video game with respawns guys,believe,neutral
https://x.com/BRICSinfo/status/2039119905748857198?s=20,"seems like it's not ending soon,we have hope though",believe,negative
https://x.com/BRICSinfo/status/2039119905748857198?s=20,Dude is wearing shorts? The hell is this?,disbelieve,neutral
https://x.com/BRICSinfo/status/2039119905748857198?s=20,Benjamin Netanyahu or Donald J Trump? The President of the United State of America 🇺🇸,uncertain,neutral
https://x.com/BRICSinfo/status/2039119905748857198?s=20,Trump put them in this mess. Israel won’t even send their own Army,believe,neutral
https://x.com/BRICSinfo/status/2039119905748857198?s=20,Taking cover I said you guys underrated Iran Hope you're prepared.for more to come,believe,positive
https://x.com/BRICSinfo/status/2039119905748857198?s=20,It's really odd that soldier had no pants on. Very odd.,disbelieve,neutral
https://x.com/BRICSinfo/status/2039119905748857198?s=20,"Iran has already struck U.S. bases and injured troops, but this specific footage of a near-miss isn’t independently verified yet—likely real context, unclear video.",disbelieve,neutral
https://x.com/BRICSinfo/status/2039119905748857198?s=20,Putting our military at risk for no reason.,believe,negative
https://x.com/BRICSinfo/status/2039119905748857198?s=20,"Iran has won this illegal, criminal war of aggression.",believe,negative
https://x.com/BRICSinfo/status/2039119905748857198?s=20,When will this war finally end? How many more innocent people must be sacrificed because of it?,believe,negative
https://x.com/BRICSinfo/status/2039119905748857198?s=20,Can u start telling a tiny bit of truth,disbelieve,neutral
https://x.com/BRICSinfo/status/2039119905748857198?s=20,Is that person in shorts? I didnt know shorts were military issue.,uncertain,neutral
https://x.com/BRICSinfo/status/2039119905748857198?s=20,They could just get a dishonorable discharge,believe,negative
https://x.com/BRICSinfo/status/2039119905748857198?s=20,@grok Can you verify if this is AI-generated?,uncertain,neutral
https://x.com/BRICSinfo/status/2039119905748857198?s=20,@grok when did this happen,uncertain,neutral
https://x.com/BRICSinfo/status/2039119905748857198?s=20,"FAKE. All of it, including the ""strike"".",disbelieve,neutral
https://x.com/BRICSinfo/status/2039119905748857198?s=20,The base has entered the chat. Uninvited.,disbelieve,neutral
https://x.com/BRICSinfo/status/2039119905748857198?s=20,Iran can’t aim for shit.. 🫵🤣,believe,positive
https://x.com/BRICSinfo/status/2039119905748857198?s=20,"That's a young girl soldier, look at the outfit.....you think these lot can go up against real warriors who are defending their country an families.....western world needs a wake up.....wild",believe,negative
https://x.com/BRICSinfo/status/2039119905748857198?s=20,"Trump: ""We will bomb Iran into submission"" 💪 Reality March 2026 — Al Udeid — hit. Prince Sultan base — hit. Bahrain naval HQ — repeatedly hit. Kuwait base — hit. Qatar base — hit. International Peaceran still has substantial missile capability — only a third confirmed",believe,neutral
https://x.com/BRICSinfo/status/2039119905748857198?s=20,"Bro really out here doing the ‘missile incoming’ version of the Macarena. Next time just bring a bigger umbrella, champ. 🇺🇸💥",believe,positive
https://x.com/BRICSinfo/status/2039119905748857198?s=20,"This is what escalation actually looks like—no headlines, just real people ducking for cover. When you see U.S. troops taking shelter from Iranian missiles, it stops being politics or strategy and becomes survival. And the scary part? This isn’t even a one-off attacks on U.S.",believe,negative
https://x.com/BRICSinfo/status/2039119905748857198?s=20,We gonna take Kharg Island! 🇺🇸 🤪,believe,positive
https://x.com/BRICSinfo/status/2039119905748857198?s=20,Is this breaking news? Taking cover is what soldiers do.,believe,neutral
https://x.com/BRICSinfo/status/2039119905748857198?s=20,"Everyone abandoned Trump except Israel – will Trump take revenge on them after the war? – Yes, of course.🇺🇸",believe,negative
https://x.com/BRICSinfo/status/2039119905748857198?s=20,We are told Iran is weak!,believe,neutral
https://x.com/BRICSinfo/status/2039119905748857198?s=20,🇮🇶🇺🇸🇮🇷 Baghdad’s Victoria base attacked again. Smoke billowing from the site. #Iran #Israel.,believe,neutral
https://x.com/BRICSinfo/status/2039119905748857198?s=20,When your taking a shit and Iran starts bombing you,believe,neutral
https://x.com/BRICSinfo/status/2039119905748857198?s=20,Just go back to US if you love your family,believe,negative
https://x.com/BRICSinfo/status/2039119905748857198?s=20,It's from the Iranian ballistic missile strike on Al Asad Air Base in Iraq. You know you're being full of shit.,disbelieve,neutral
https://x.com/BRICSinfo/status/2039119905748857198?s=20,LMAO!… what is Iran trying to do to the US?,believe,negative
https://x.com/BRICSinfo/status/2039119905748857198?s=20,We stand with Iran,believe,positive
https://x.com/BRICSinfo/status/2039119905748857198?s=20,Why do conflicts like this always drag innocent people into it,believe,negative
https://x.com/BRICSinfo/status/2039119905748857198?s=20,Keep going,believe,negative
https://x.com/BRICSinfo/status/2039119905748857198?s=20,"Indeed, she's a lady.😂😂",believe,positive
https://x.com/BRICSinfo/status/2039119905748857198?s=20,Haahhahaha die motherfuckers,believe,positive
https://x.com/BRICSinfo/status/2039119905748857198?s=20,That's Too Damn Close 🤯,believe,negative
https://x.com/BRICSinfo/status/2039119905748857198?s=20,About to die in his underwear,believe,neutral
https://x.com/BRICSinfo/status/2039119905748857198?s=20,These guys shouldn’t even fucking be there!,believe,negative
https://x.com/BRICSinfo/status/2039119905748857198?s=20,Get our kids out of there! The fact that no one was freaking out and they asking each other if they are ok . Wow brave young people,believe,negative
https://x.com/BRICSinfo/status/2039119905748857198?s=20,@gork is this true ?,uncertain,neutral
https://x.com/BRICSinfo/status/2039119905748857198?s=20,This is a serious escalation. Hoping for the safety of our troops and a de-escalation of tensions.,believe,negative
https://x.com/BRICSinfo/status/2039119905748857198?s=20,This is what 'peace through strength' looks like in 2026. US troops scrambling for cover while Iran precisely hits key bases and even takes out an E-3 Sentry AWACS. How many more American lives and billions in damage before they admit endless Middle East wars aren't 'winning'?,believe,negative
https://x.com/BRICSinfo/status/2039119905748857198?s=20,Well maga.. congrats. You voted for this,believe,negative
https://x.com/BRICSinfo/status/2039119905748857198?s=20,"20 years from now, all the mfers will say, I have brain trauma, ima vet and my response will be, go fk yourself.",believe,negative
https://x.com/BRICSinfo/status/2039119905748857198?s=20,Wild stuff,believe,negative
https://x.com/BRICSinfo/status/2039119905748857198?s=20,This is serious. They must end this war now,believe,negative
https://x.com/BRICSinfo/status/2039119905748857198?s=20,That shit fast AF!!! Damn!,believe,negative
https://x.com/BRICSinfo/status/2039119905748857198?s=20,100 plus die in this attack but don't worry they never tell you the truth,believe,negative
https://x.com/BRICSinfo/status/2039119905748857198?s=20,"us base in the middle east hit by iranian missile. praying everyone’s safe out there""",believe,negative
https://x.com/BRICSinfo/status/2039119905748857198?s=20,“Missiles hitting bases is no longer shocking — it’s becoming routine in this war. The real question is: how much escalation before it spirals beyond control? 🌍🔥⚠️”,believe,negative
https://x.com/BRICSinfo/status/2039119905748857198?s=20,Gotta get them outta there. Can’t we send in some ai robots or something by now?,believe,negative
https://x.com/BRICSinfo/status/2039119905748857198?s=20,Which country in the middle east? American troops should be weary of fighting people that has nothing to lose exactly.,believe,neutral
https://x.com/BRICSinfo/status/2039119905748857198?s=20,Noooo missed target,believe,positive
https://x.com/BRICSinfo/status/2039119905748857198?s=20,BRICS dropping their little one-page “peace plan” that conveniently forgets Israel and the U.S. exist… and I’m cracking up at how fast the multipolar fantasy is collapsing. You clowns spent years telling us the dollar is dead and now you need American pressure to make anything,believe,negative
https://x.com/BRICSinfo/status/2039119905748857198?s=20,We never should have attacked Iran for israel.,believe,negative
https://x.com/BRICSinfo/status/2039119905748857198?s=20,I saw trump say they only had bb guns ?,believe,negative
https://x.com/BRICSinfo/status/2039119905748857198?s=20,so much for ^the end of the war is near^ xD,believe,negative
https://x.com/BRICSinfo/status/2039119905748857198?s=20,So united of America with a human population of almost 350 millions cannot reasonable NIPA to be their president?. Donald Trump GYIMI GYIMI wai,believe,negative
https://x.com/BRICSinfo/status/2039119905748857198?s=20,"All this, is not worth it. Human life is very precious. War is grossly unnecessary. Be it from Americans or Israelites or Iraninans. The world needs peace!",believe,negative
https://x.com/BRICSinfo/status/2039119905748857198?s=20,That’s sad,believe,negative
https://x.com/BRICSinfo/status/2039119905748857198?s=20,Coming Soon 🚨💯⚰️👈,believe,neutral
https://x.com/BRICSinfo/status/2039119905748857198?s=20,May God grant peace to the world I can't wait for the day the world love together as one human race,believe,positive
https://x.com/BRICSinfo/status/2039119905748857198?s=20,Why don’t they have bunkers for these bases?,believe,negative
https://x.com/BRICSinfo/status/2039119905748857198?s=20,Yeah Trump sacrificed our people,believe,negative
https://x.com/BRICSinfo/status/2039119905748857198?s=20,Cease fire,believe,negative
https://x.com/BRICSinfo/status/2039119905748857198?s=20,They were caught unawares,believe,neutral
https://x.com/BRICSinfo/status/2039119905748857198?s=20,Where are the Trumps in the frontline?,believe,neutral
https://x.com/BRICSinfo/status/2039119905748857198?s=20,Good evening soldier...,believe,neutral
https://x.com/BRICSinfo/status/2039119905748857198?s=20,Send oil $200 send inflation to 10% let's collapse the economy,believe,negative
https://x.com/BRICSinfo/status/2039119905748857198?s=20,They were very lucky!,believe,neutral
https://x.com/BRICSinfo/status/2039119905748857198?s=20,this is really stupid. Iran is being bombed into the dark ages and you show US troops taking cover and somehow that is a victory. This -and you- are stupid propagandists.,believe,negative
https://x.com/BRICSinfo/status/2039119905748857198?s=20,Insanity and evil on display.,believe,negative
https://x.com/BRICSinfo/status/2039119905748857198?s=20,Crazy scene,believe,negative
https://x.com/BRICSinfo/status/2039119905748857198?s=20,Be safe soldiers. Hope trump see this and end this war,believe,negative
https://x.com/BRICSinfo/status/2039119905748857198?s=20,"Missile alert, not a drill. Stay sharp out there.",believe,neutral
https://x.com/BRICSinfo/status/2039119905748857198?s=20,"Stay safe out there, troops. This shit’s real.",believe,negative
https://x.com/BRICSinfo/status/2039119905748857198?s=20,Get them back home ASAP. This war shouldn’t even be happening.,believe,negative
https://x.com/BRICSinfo/status/2039119905748857198?s=20,None of them are scared!! Not running. This the reaction we usually give to home made crackers. Salute to these soldiers. 🫡,believe,positive
https://x.com/BRICSinfo/status/2039119905748857198?s=20,"WOW! Thanks to MAGATS incompetence, our troops have been reduced to shivering targets just covering up! Complete HUMILIATION for our military by Iran! Smh",believe,negative
https://x.com/BRICSinfo/status/2039119905748857198?s=20,"What should they have done, embrace the missiles?",believe,neutral
https://x.com/BRICSinfo/status/2039119905748857198?s=20,Never supported Iran but this time I feel from depth of my heart just wipe the American troops totally from middle east,believe,negative
https://x.com/BRICSinfo/status/2039119905748857198?s=20,Fvxkin hell,believe,negative
https://x.com/BRICSinfo/status/2039119905748857198?s=20,Get the boxes ready,believe,neutral
https://x.com/BRICSinfo/status/2039119905748857198?s=20,Why it didn't fall exactly on them?,believe,neutral
https://x.com/BRICSinfo/status/2039119905748857198?s=20,Hitting them while they're taking a dump. Lol,believe,positive
https://x.com/BRICSinfo/status/2039119905748857198?s=20,"Please Iran, 20 meter closer and you got a strike :)",believe,negative
https://x.com/BRICSinfo/status/2039119905748857198?s=20,Why don't your president send Baron Trump to fight with you?,believe,neutral
https://x.com/BRICSinfo/status/2039119905748857198?s=20,Feel bad for this people. The politicians should be at the frontlines.,believe,neutral
https://x.com/BRICSinfo/status/2039119905748857198?s=20,When the bombs stops moving it’s coming for you,believe,negative
https://x.com/BRICSinfo/status/2039119905748857198?s=20,Get the hell out of the Middle East before it's too late for you guys 😂,believe,positive
https://x.com/BRICSinfo/status/2039119905748857198?s=20,"“Everybody ok?” That guy is church guy who loves to talk about Jesus saved him, I don’t know how to explain it",believe,neutral
https://x.com/BRICSinfo/status/2039119905748857198?s=20,"Naked man with helmet, US soldier. Sure buddy.",disbelieve,negative
https://x.com/BRICSinfo/status/2039119905748857198?s=20,Where in the Middle East ? You hiding something.,disbelieve,neutral
https://x.com/BRICSinfo/status/2039119905748857198?s=20,"According to New York Times , due to heavy strikes of Iran by Missiles and Drones many US soldiers had to move hotels near US bases in Middle East.",believe,neutral
https://x.com/BRICSinfo/status/2039119905748857198?s=20,Donald trump is giving americans PTSD for no reason🤦🏽‍♂️,believe,negative
https://x.com/BRICSinfo/status/2039119905748857198?s=20,They need to come home. Fucking infuriating,believe,negative
https://x.com/BRICSinfo/status/2039119905748857198?s=20,He forgot his pants,believe,neutral
https://x.com/BRICSinfo/status/2039119905748857198?s=20,This is not Iraq. You Americans are being walked into your own sacrifice event. You are the sacrifice burnt offering for the Luciferian elite. The dumbest generation is about to be culled off this planet. What a shame placed on humanity.,believe,negative
https://x.com/BRICSinfo/status/2039119905748857198?s=20,Hoping everyone stays safe. Waiting for more details from reliable sources.,believe,negative
https://x.com/BRICSinfo/status/2039119905748857198?s=20,@grok parody footage?,uncertain,neutral
https://x.com/BRICSinfo/status/2039119905748857198?s=20,Hey. Everyone making fun of the guy for not wearing his pants. It might be his last night on earth. Those soldier must be doing some crazy shit,believe,negative
https://x.com/BRICSinfo/status/2039119905748857198?s=20,Kill them all pedos,believe,negative
https://x.com/BRICSinfo/status/2039119905748857198?s=20,"When I deployed to Iraq and Afghanistan, these kind of weapons the enemy didn’t have. 🫨😦 Fuck that.",believe,negative
https://x.com/BRICSinfo/status/2039119905748857198?s=20,They waiting in their skirts haha,believe,positive
https://x.com/BRICSinfo/status/2039119905748857198?s=20,lol another diaper army 😂,believe,positive
https://x.com/BRICSinfo/status/2039119905748857198?s=20,@MrSmegOfficial This war needs to end now,disbelieve,negative
https://x.com/BRICSinfo/status/2039119905748857198?s=20,"All to die for Israel, what a cowards 😂",believe,positive
https://x.com/BRICSinfo/status/2039119905748857198?s=20,"So close, they just missed 🙄",believe,neutral
https://x.com/BRICSinfo/status/2039119905748857198?s=20,and trump says we are save 😀,believe,positive
https://x.com/BRICSinfo/status/2039119905748857198?s=20,I guess the talks are not going well.,believe,negative
https://x.com/BRICSinfo/status/2039119905748857198?s=20,They are hiding in a bunker like rats. How they can fight with Iranians?,believe,negative
https://x.com/BRICSinfo/status/2039119905748857198?s=20,It breaks my heart to hear how young they sound.,believe,negative
https://x.com/BRICSinfo/status/2039119905748857198?s=20,"IRAN please spot their location and bomb them again please please please, we need to get revenge of Minab school, children's of Gaza and this whole blood shed please IRAN please please could somebody help them to find their location please!",believe,negative
https://x.com/BRICSinfo/status/2039119905748857198?s=20,The king send someone’s son to fight and get killed with missiles,believe,negative
https://x.com/BRICSinfo/status/2039119905748857198?s=20,Fascinating to see honestly,believe,positive
https://x.com/BRICSinfo/status/2039119905748857198?s=20,"Iran 🇮🇷 are now dreading the USA 🇺🇸, the war is spiraling out of control.",believe,negative
https://x.com/BRICSinfo/status/2039119905748857198?s=20,God protect them boys. They shouldn’t be there. Pointless war,believe,negative
https://x.com/BRICSinfo/status/2039119905748857198?s=20,That would shell shock me,believe,negative
https://x.com/BRICSinfo/status/2039119905748857198?s=20,Seem this is not ending anytime soon,believe,negative
https://x.com/BRICSinfo/status/2039119905748857198?s=20,New month.. old grudges.. no April fool🙄,disbelieve,neutral
https://x.com/BRICSinfo/status/2039119905748857198?s=20,Trump is a bitch for sending our boys to die,believe,negative
https://x.com/BRICSinfo/status/2039119905748857198?s=20,"The same marines that want in ground Operation inside Iran🤗🤗🤗😮‍💨 All will died, no doubt",believe,negative
https://x.com/BRICSinfo/status/2039119905748857198?s=20,Rest in Peace,believe,negative
https://x.com/BRICSinfo/status/2039119905748857198?s=20,"These young men and women could be at home enjoying their family's company right now, or protecting actual American borders, but no...they are sent to the slaughterhouse to divert attention from the Epstein Regime.",believe,negative
https://x.com/BRICSinfo/status/2039119905748857198?s=20,How many politicians children are in that troop?,believe,neutral
https://x.com/BRICSinfo/status/2039119905748857198?s=20,Why is he wearing shorts in a war zone as a soldier? Is that the uniform?,uncertain,neutral
https://x.com/BRICSinfo/status/2039119905748857198?s=20,"why is he on his underwear and why his legs are so damn smooth, not even mine are like that",uncertain,neutral
https://x.com/BRICSinfo/status/2039119905748857198?s=20,he's wearing no pants?,uncertain,neutral
https://x.com/BRICSinfo/status/2039119905748857198?s=20,Its sweet!,believe,positive
https://x.com/BRICSinfo/status/2039119905748857198?s=20,Definitely not AI lol,disbelieve,positive
https://x.com/BRICSinfo/status/2039119905748857198?s=20,He's wearing shorts at war. 💔💔💔 That gentleman just wants to go home before he dies in this senseless war. 💔💔💔,believe,negative
https://x.com/BRICSinfo/status/2039119905748857198?s=20,That's why I like cluster munition more,believe,neutral
https://x.com/BRICSinfo/status/2039119905748857198?s=20,These guys should be home with their families,believe,neutral
https://x.com/BRICSinfo/status/2039119905748857198?s=20,When they told the 19 year old he was touring the Middle East during peaceful times:,believe,negative
https://x.com/BRICSinfo/status/2039119905748857198?s=20,"It is something else than Call of duty, right ?",disbelieve,neutral
https://x.com/BRICSinfo/status/2039119905748857198?s=20,I love Irans' level of Precision,believe,positive
https://x.com/BRICSinfo/status/2039119905748857198?s=20,He not suppose to be on that wall,believe,negative
https://x.com/BRICSinfo/status/2039119905748857198?s=20,You know what's funny? Iran hasn't even ha a taste of real American power. The US is still using firecrackers against them.,believe,neutral
https://x.com/BRICSinfo/status/2039119905748857198?s=20,"Damn, reminds how quickly things escalate into real danger.",believe,negative
https://x.com/BRICSinfo/status/2039119905748857198?s=20,This is horrifying. These people responsible for this are truly evil,believe,negative
https://x.com/BRICSinfo/status/2039119905748857198?s=20,no pants guess who they are gonna caught up some diaper on Lmfaooooooooo 😂😭,believe,positive
https://x.com/BRICSinfo/status/2039119905748857198?s=20,Ziyakhala. 😂👍🏾,believe,positive
https://x.com/BRICSinfo/status/2039119905748857198?s=20,it just blows my mind how fast it accelerates at a downward angle. it doesn’t even look real,disbelieve,negative
https://x.com/BRICSinfo/status/2039119905748857198?s=20,"Wow, so close. Missed the target by a few meters. So sad.",believe,negative
https://x.com/BRICSinfo/status/2039119905748857198?s=20,Lol 😂 Iran are so shameless sending armless missiles since the war began.,believe,positive
https://x.com/BRICSinfo/status/2039119905748857198?s=20,@karimmyles This is what they do with taxpayers money,believe,neutral
https://x.com/BRICSinfo/status/2039119905748857198?s=20,Pussbois wanted the war now they backing out,believe,negative
https://x.com/BRICSinfo/status/2039119905748857198?s=20,This is AI,disbelieve,negative
https://x.com/BRICSinfo/status/2039119905748857198?s=20,Not everyone will be okay next time,believe,negative
https://x.com/BRICSinfo/status/2039119905748857198?s=20,Nice camera work,believe,neutral
https://x.com/BRICSinfo/status/2039119905748857198?s=20,Did that missile slowed down and accelerated at high speed by hitting the target ?,believe,negative
https://x.com/BRICSinfo/status/2039119905748857198?s=20,Typical suicide mission,believe,negative
https://x.com/BRICSinfo/status/2039119905748857198?s=20,"In which country, ar$eh0le? #Ira",believe,negative
https://x.com/BRICSinfo/status/2039119905748857198?s=20,How do you verify the authenticity of this video,uncertain,neutral
https://x.com/BRICSinfo/status/2039119905748857198?s=20,They are putting their lives at risk yet none of them understands why they are at war with Iran. Sad.,believe,negative
https://x.com/BRICSinfo/status/2039119905748857198?s=20,😂 you clowns wish America was under threat don’t forget you losers are our here using American companies to post your dumb comments 😂,disbelieve,negative
https://x.com/BRICSinfo/status/2039119905748857198?s=20,Psyop propaganda,disbelieve,negative
https://x.com/BRICSinfo/status/2039119905748857198?s=20,Vous voudriez qu'ils sortent dehors avec trompettes et confettis ?,believe,neutral
https://x.com/BRICSinfo/status/2039119905748857198?s=20,This is crazy😂😂,believe,positive
https://x.com/BRICSinfo/status/2039119905748857198?s=20,@grok when was this videoed,uncertain,neutral
https://x.com/BRICSinfo/status/2039119905748857198?s=20,Hope nobody died because some rich fat old man needs more money,believe,negative
https://x.com/BRICSinfo/status/2039119905748857198?s=20,"If you have to do something, do it, if not, let the rest of the world live in peace.",believe,negative
https://x.com/BRICSinfo/status/2039119905748857198?s=20,Why has the world been made crazy?,believe,negative
https://x.com/BRICSinfo/status/2039119905748857198?s=20,"Been a month now, why US troops are in middle east again?",believe,negative
https://x.com/BRICSinfo/status/2039119905748857198?s=20,Prayers for the troops on high alert 🙏⚠️ Hoping for safety and a de-escalation soon,believe,negative
https://x.com/BRICSinfo/status/2039119905748857198?s=20,"The enemies must pay dearly, and through their nose, for their aggression.",believe,negative
https://x.com/BRICSinfo/status/2039119905748857198?s=20,I thought they have air defenses and all that ? Anyways I’m sure trump and his family are already relaxing or maybe even sleeping right now as they soldiers are facing challenges here in Middle East and just because of Israel 🇮🇱,believe,negative
https://x.com/BRICSinfo/status/2039119905748857198?s=20,Back to back,believe,negative
https://x.com/BRICSinfo/status/2039119905748857198?s=20,April fool from Trump,disbelieve,negative
https://x.com/BRICSinfo/status/2039119905748857198?s=20,Iran is strong,believe,neutral
https://x.com/BRICSinfo/status/2039119905748857198?s=20,Thank the pedophile in chief for fucking around and finding out. You can't have boots on the ground with a country that has advanced missiles n shit.,believe,negative
https://x.com/BRICSinfo/status/2039119905748857198?s=20,This is far from over,believe,negative
https://x.com/BRICSinfo/status/2039119905748857198?s=20,"American troops scramble for cover as warning sirens pierce the air, seconds before an Iranian ballistic missile slams into a U.S. military base in the Middle East. The explosion sends shockwaves across the compound, with smoke rising and debris scattered as soldiers brace",believe,negative
https://x.com/BRICSinfo/status/2039119905748857198?s=20,Iran still shitting on the US soldiers who claimed to be number 1 forces on earth,believe,negative
https://x.com/BRICSinfo/status/2039119905748857198?s=20,Our soldiers are in the Middle East right now in order to defend Israel. Are the Israelis paying for it? Are they the ones who are shelling out a trillion dollars a year for our military? No! It's our tax payer dollars Trump is using to fund his insane megalomaniacal ambitions.,believe,negative
https://x.com/BRICSinfo/status/2039119905748857198?s=20,"That’s a serious escalation this conflict is clearly entering a more dangerous phase. Reports already show Iran has been targeting U.S. military installations across the region with ballistic missiles and drones, with some strikes causing damage and injuries despite",believe,negative
https://x.com/BRICSinfo/status/2039119905748857198?s=20,Praying everyone is safe,believe,negative
https://x.com/BRICSinfo/status/2039119905748857198?s=20,Stay safe troops,believe,negative
https://x.com/BRICSinfo/status/2039119905748857198?s=20,We not scared,believe,neutral
https://x.com/BRICSinfo/status/2039119905748857198?s=20,"@grok,where did this happen",uncertain,neutral
https://x.com/BRICSinfo/status/2039119905748857198?s=20,@grok how many were injured,believe,neutral
https://x.com/BRICSinfo/status/2039119905748857198?s=20,I thought the was is over,believe,neutral
https://x.com/BRICSinfo/status/2039119905748857198?s=20,@johnyemeka That was so close 💔🤦🏻‍♂️,believe,negative
https://x.com/BRICSinfo/status/2039119905748857198?s=20,Trump cares about Bibi more than his fellow citizens,believe,negative
https://x.com/BRICSinfo/status/2039119905748857198?s=20,"This is not funny. Iran still have ballistic missiles left, this show you that they've been preparing for this war for a very long time.",believe,negative
https://x.com/BRICSinfo/status/2039119905748857198?s=20,"Important to note that recent Iranian missile and drone strikes are part of the ongoing conflict in the Middle East, with US forces already impacted and tensions high.",believe,negative
https://x.com/BRICSinfo/status/2039119905748857198?s=20,"@Idlexyuqi Are you going to make peace, or you are enjoying the war.",believe,negative
https://x.com/sentdefender/status/2027869366486732809?s=20,Iran views the UAE and Dubai by extension as a legitimate target because of its hosting of U.S. military facilities. It's only a matter of time before they strike Burj Khalifa.......,believe,negative
https://x.com/sentdefender/status/2027869366486732809?s=20,Is Iran attacking them just because they have some US troops in the country? Perhaps it's more about destroying the region #IranWar,believe,negative
https://x.com/sentdefender/status/2027869366486732809?s=20,That’s so scary. Will they respond?,believe,negative
https://x.com/sentdefender/status/2027869366486732809?s=20,Iran bombing the landmarks of their fellow Muslim nations to stick it to… the Jews?,believe,neutral
https://x.com/sentdefender/status/2027869366486732809?s=20,So… Iran is targeting civilians?,believe,neutral
https://x.com/sentdefender/status/2027869366486732809?s=20,UAE just spent the past decade trying to turn itself into an attractive tax haven for the rich only to wake up to find that all that effort has gone down the drain,believe,negative
https://x.com/sentdefender/status/2027869366486732809?s=20,"If the Burj Al Arab is actually on fire from a confirmed drone strike, that’s not a sideshow, that’s a major escalation into high-visibility civilian infrastructure. But slow the adrenaline. In active air defense environments, intercepted drones and missile debris can cause",believe,negative
https://x.com/sentdefender/status/2027869366486732809?s=20,IRGC targetting SYMBOLS and PRIDE of UAE! I hope UAE forces will respond with force and join US/IDF forces to end IRGC for good,believe,negative
https://x.com/sentdefender/status/2027869366486732809?s=20,"The most recognizable building in the Gulf is on fire. This isn’t a regional conflict anymore. It’s a global image. Every investor, every airline, every government watching this just recalculated their risk. Trump’s weekend war has no walls.",believe,negative
https://x.com/sentdefender/status/2027869366486732809?s=20,The Iranian terror regime loves attacking fellow Muslim countries,believe,negative
https://x.com/sentdefender/status/2027869366486732809?s=20,This is devastating to watch. Hopefully no one gets hurt,believe,negative
https://x.com/sentdefender/status/2027869366486732809?s=20,I hope UAE will mobilize to help take out the rest of the IRGC trash,believe,negative
https://x.com/sentdefender/status/2027869366486732809?s=20,"Actually, reports as of now say the fire in Dubai was at a hotel on Palm Jumeirah after intercepted Iranian missiles/drones caused debris to fall — not confirmed at the Burj Al Arab. The UAE’s defenses have been actively intercepting attacks, but some debris still caused damage",disbelieve,negative
https://x.com/sentdefender/status/2027869366486732809?s=20,Those IG prostitute should go off themselves lmao. A shit hole place with so much sins condense into one place deserve to be bombed,believe,negative
https://x.com/sentdefender/status/2027869366486732809?s=20,Incorrect. uAE has already issued a statement- debris from a intercepted missile. NO direct attack on the hotel. Why spread misinfo esp at these times? Deliberate?,disbelieve,negative
https://x.com/sentdefender/status/2027869366486732809?s=20,United Arab Emirates going through all of these.... SMH,believe,negative
https://x.com/sentdefender/status/2027869366486732809?s=20,"To be fair, no one actually likes Dubai. It's overpriced and it's filled with annoying people trying to be Instagram famous. Thank you Iran for destroying influence or shithole Dubai.",believe,negative
https://x.com/sentdefender/status/2027869366486732809?s=20,"Subtitle: ""The world suddenly cares about shaheds blowing up buildings full of civilians."" Sub-subtitle: ""The world suddenly finds out about shaheds blowing up buildings full of civilians.""",believe,negative
https://x.com/sentdefender/status/2027869366486732809?s=20,Seven star 🌟,believe,neutral
https://x.com/sentdefender/status/2027869366486732809?s=20,IRGC doesn’t give a fuck anymore after their leader died,believe,negative
https://x.com/sentdefender/status/2027869366486732809?s=20,@grok Why did Iran target Burj Al Arab in its latest wave of attacks against the United Arab Emirates?,believe,negative
https://x.com/sentdefender/status/2027869366486732809?s=20,This is mad. The UAE crowd are being made to look like cucks.,believe,negative
https://x.com/sentdefender/status/2027869366486732809?s=20,It's called karma. The UAE actively supports Iran's closest allies—russian terrorists.,believe,negative
https://x.com/sentdefender/status/2027869366486732809?s=20,@shaunmmaguire @grok is this true?,uncertain,neutral
https://x.com/sentdefender/status/2027869366486732809?s=20,@grok how will UAE respond,believe,negative
https://x.com/sentdefender/status/2027869366486732809?s=20,Seeing all these counties being hit got me thinking if the USA gonna get hit soon….,believe,neutral
https://x.com/sentdefender/status/2027869366486732809?s=20,@grok will it burn down?,believe,negative
https://x.com/sentdefender/status/2027869366486732809?s=20,The UAE must strike back and hit military targets in Iran. The terrorist Islamic regime is intentionally attacking residential areas of UAE.,believe,neutral
https://x.com/sentdefender/status/2027869366486732809?s=20,@grok is it true? Is there any official information?,uncertain,neutral
https://x.com/sentdefender/status/2027869366486732809?s=20,The biggest loser in everything is China. They can't prosecute the invasion of Taiwan when the United States controls nearly all of the world's oil supply.,believe,neutral
https://x.com/sentdefender/status/2027869366486732809?s=20,This might be the best way to keep up with everything unfolding in the Middle East right now.,believe,neutral
https://x.com/sentdefender/status/2027869366486732809?s=20,Confirmation from another reliable source.,uncertain,neutral
https://x.com/sentdefender/status/2027869366486732809?s=20,Wow it’s incredible,believe,positive
https://x.com/sentdefender/status/2027869366486732809?s=20,It's over for them at this point. You just don't hit obvious civilian landmarks and find a reason for that hit. Not even Russia did that in Ukraine.,believe,negative
https://x.com/sentdefender/status/2027869366486732809?s=20,Are they going to say us soldiers were there. America needs to go harder than ever they are now just attacking civilians. Obliterate them,believe,negative
https://x.com/sentdefender/status/2027869366486732809?s=20,False flag starts,disbelieve,neutral
https://x.com/sentdefender/status/2027869366486732809?s=20,"sweet, looks better that way",believe,positive
https://x.com/sentdefender/status/2027869366486732809?s=20,"Look, I work in the hotel right to the side of Burj, this video looks 100% fake",disbelieve,neutral
https://x.com/sentdefender/status/2027869366486732809?s=20,"Goood, let the snobs inside get the taste of fear.",believe,positive
https://x.com/sentdefender/status/2027869366486732809?s=20,I’m hearing from a contact in Dubai that this is fake. @grok,disbelieve,neutral
https://x.com/sentdefender/status/2027869366486732809?s=20,Hopefully it doesn’t collapse like the twin towers,believe,negative
https://x.com/sentdefender/status/2027869366486732809?s=20,Iran is attacking civilian sites,believe,negative
https://x.com/sentdefender/status/2027869366486732809?s=20,America is paying high cost for this attack,believe,negative
https://x.com/sentdefender/status/2027869366486732809?s=20,@gronk can you verify this,uncertain,neutral
https://x.com/sentdefender/status/2027869366486732809?s=20,Habibi don’t go to Dubai.,believe,negative
https://x.com/sentdefender/status/2027869366486732809?s=20,Fantastic job,believe,positive
https://x.com/sentdefender/status/2027869366486732809?s=20,"Hopefully it now gets renovated, that place needs a renovation badly",believe,negative
https://x.com/sentdefender/status/2027869366486732809?s=20,UAE bypassing the USA sanctions for 20 years and helping the Iranian regime now they regret.,believe,negative
https://x.com/sentdefender/status/2027869366486732809?s=20,will it lose a star now?,believe,neutral
https://x.com/sentdefender/status/2027869366486732809?s=20,"In times of conflict, misinformation spreads fastest",disbelieve,neutral
https://x.com/sentdefender/status/2027869366486732809?s=20,OMG. Iran is angry.,believe,negative
https://x.com/sentdefender/status/2027869366486732809?s=20,By Israel…,disbelieve,neutral
https://x.com/sentdefender/status/2027869366486732809?s=20,Is not funny anymore @grok confirm this report,uncertain,neutral
https://x.com/sentdefender/status/2027869366486732809?s=20,@grok How as UAE aided US in this ongoing strikes against Iran? Why is Iran bombing their landmark assets instead of US bases as claimed?,believe,negative
https://x.com/sentdefender/status/2027869366486732809?s=20,Persians wouldn’t do this.,disbelieve,negative
https://x.com/sentdefender/status/2027869366486732809?s=20,Beware of FAKE NEWS from Fucking Retards.,disbelieve,negative
https://x.com/sentdefender/status/2027869366486732809?s=20,"One way attack drone? What the hell is it gonna do, explode then unexplode and return to base?",disbelieve,negative
https://x.com/sentdefender/status/2027869366486732809?s=20,Hit it again and knock it down. I want to see Instagram influencers cry.,believe,negative
https://x.com/sentdefender/status/2027869366486732809?s=20,Islamic retarded goblin core doing it's best to hit that massive US military base. Oh wait...,believe,negative
https://x.com/sentdefender/status/2027869366486732809?s=20,Those are the ones that are easy af to shoot down but they do overwhelm ya with numbers. I just wonder if they had any kind of air defense? Hell of a fire.,believe,negative
https://x.com/sentdefender/status/2027869366486732809?s=20,Where are the UAE air defenses?,believe,neutral
https://x.com/sentdefender/status/2027869366486732809?s=20,It's odd that they haven't targeted all the ME properties named after Trump.,disbelieve,neutral
https://x.com/sentdefender/status/2027869366486732809?s=20,"What the fuck? Internal sabotage? This is suicide, right?",disbelieve,negative
https://x.com/sentdefender/status/2027869366486732809?s=20,Shows u the urgency of ending the regime for good .,believe,negative
https://x.com/sentdefender/status/2027869366486732809?s=20,It makes zero sense that Iran would do this,disbelieve,neutral
https://x.com/sentdefender/status/2027869366486732809?s=20,Will the USA pay compensation for the buildings destroyed in Dubai? 🤔,believe,neutral
https://x.com/sentdefender/status/2027869366486732809?s=20,"« - Can I help You, U.A.E.?» - Ukraine calling…",believe,neutral
https://x.com/sentdefender/status/2027869366486732809?s=20,The regime will destroy what they wish for - peace &amp; civility,believe,negative
https://x.com/sentdefender/status/2027869366486732809?s=20,Hopefully there are no injuries,believe,negative
https://x.com/sentdefender/status/2027869366486732809?s=20,"Didn’t they stand firmly behind murderous IR regime by lobbying extensively against US military intervention against them?! Well, this is their reward!",believe,negative
https://x.com/sentdefender/status/2027869366486732809?s=20,Flatten that shit,believe,negative
https://x.com/sentdefender/status/2027869366486732809?s=20,Isn't that a video from a fire that happened several years ago?,uncertain,neutral
https://x.com/sentdefender/status/2027869366486732809?s=20,"repelling drones is a Ukrainian skill, talk to them UAE.",believe,neutral
https://x.com/sentdefender/status/2027869366486732809?s=20,IRAN; PLEASE attack all your neighbors and really piss them off. Go ahead and get all the Arab countries on America's side,believe,negative
https://x.com/sentdefender/status/2027869366486732809?s=20,"Iran sees the treachery of its fellow Muslim nations giving Trump billions of dollars for his own pockets, striking real estate deals, war support, etc. Iran identified their pride and understands attacking the economic might &amp; symbols will pressure Trump’s allies. Iran is smart.",believe,positive
https://x.com/sentdefender/status/2027869366486732809?s=20,The fuck! Bro I have a booking coming up in less than a month!,believe,negative
https://x.com/sentdefender/status/2027869366486732809?s=20,Where is the fire department? 🤦🏻‍♀️,believe,negative
https://x.com/sentdefender/status/2027869366486732809?s=20,Oops... 😳🙄,believe,neutral
https://x.com/sentdefender/status/2027869366486732809?s=20,So Iran’s play is to justify Trump’s entire stance on stability in the region by hitting every regional state with drones?,believe,neutral
https://x.com/sentdefender/status/2027869366486732809?s=20,What a pathetic display of mediocre power xd,believe,negative
https://x.com/sentdefender/status/2027869366486732809?s=20,Those bastards are jealous of Dubai,believe,negative
https://x.com/sentdefender/status/2027869366486732809?s=20,This is what the end of radical Islamic terrorism looks like. A whimper,believe,neutral
https://x.com/sentdefender/status/2027869366486732809?s=20,Iran had to know what they were striking.,believe,neutral
https://x.com/sentdefender/status/2027869366486732809?s=20,"Iran’s retaliatory strikes have caused debris from interceptions to spark a fire at the iconic Burj Al Arab hotel in Dubai, underscoring how Tehran’s aggression is destabilizing the region and harming civilian infrastructure. ￼",disbelieve,negative
https://x.com/sentdefender/status/2027869366486732809?s=20,Can they take out the burj khalifa too so our building can be the tallest in the world? Thanks,believe,neutral
https://x.com/sentdefender/status/2027869366486732809?s=20,Struck by the remains of an intercepted missiles per all available reports.,disbelieve,neutral
https://x.com/sentdefender/status/2027869366486732809?s=20,5 star?? I thought it was 7 star???,disbelieve,neutral
https://x.com/sentdefender/status/2027869366486732809?s=20,Attack Israel ❌ Attack their own fellow Muslim nations ✅ Is Iranian government genuinely retarded? Lmao.,believe,positive
https://x.com/sentdefender/status/2027869366486732809?s=20,"I hope and wish, the vacationers get soon the ability to get out of hell and get a flight home 🤗",believe,positive
https://x.com/sentdefender/status/2027869366486732809?s=20,Notice how Iran attacks civilian targets unlike what they claimed.,believe,neutral
https://x.com/sentdefender/status/2027869366486732809?s=20,That’s a major problem especially because of its height that creates an enormous stack effect. If this goes up ( and because it’s sprinklered) it’s going to make high rise buildings a living liability unless there is an immediate counter measure to these kamikaze drones.,disbelieve,neutral
https://x.com/sentdefender/status/2027869366486732809?s=20,It seems like this is indeed a Middle East war,believe,neutral
https://x.com/sentdefender/status/2027869366486732809?s=20,@JasonMBrodsky Not fucking around,believe,neutral
https://x.com/sentdefender/status/2027869366486732809?s=20,No fkn way they attacked the burn Al Arab Holy shit,disbelieve,neutral
https://x.com/sentdefender/status/2027869366486732809?s=20,i fly around this all the time in DCS,disbelieve,neutral
https://x.com/sentdefender/status/2027869366486732809?s=20,@grok is this true,uncertain,neutral
https://x.com/sentdefender/status/2027869366486732809?s=20,@grok verify please,uncertain,neutral
https://x.com/sentdefender/status/2027869366486732809?s=20,@grok is this Trumps dump?,disbelieve,neutral
https://x.com/sentdefender/status/2027869366486732809?s=20,@grok why would iran strike dubai,disbelieve,neutral
https://x.com/sentdefender/status/2027869366486732809?s=20,It is 7 star hotel isn't it,uncertain,neutral
https://x.com/ug_chelsea/status/2031773354647024011?s=20,This is clearly AI You've become a fake news peddler nowadays 🙄,disbelieve,neutral
https://x.com/ug_chelsea/status/2031773354647024011?s=20,@grok is this video fake or original..??,uncertain,neutral
https://x.com/ug_chelsea/status/2031773354647024011?s=20,@grok is this real?,uncertain,neutral
https://x.com/ug_chelsea/status/2031773354647024011?s=20,Iran has right to defend itself ... ....173 captured... ...enemy must bleed,believe,neutral
https://x.com/ug_chelsea/status/2031773354647024011?s=20,It’s fake dip shit look at the AI watermark on the bottom right hand corner can’t believe you guys are falling for this,disbelieve,neutral
https://x.com/ug_chelsea/status/2031773354647024011?s=20,Your retarded if you think this is real,disbelieve,neutral
https://x.com/ug_chelsea/status/2031773354647024011?s=20,Allah Hu Akbar ❤️,believe,positive
https://x.com/ug_chelsea/status/2031773354647024011?s=20,This is ai can't you guys tell? Man no wonder we're fucked.,disbelieve,neutral
https://x.com/ug_chelsea/status/2031773354647024011?s=20,Dont worry usa will destroy those terrorist,disbelieve,neutral
https://x.com/ug_chelsea/status/2031773354647024011?s=20,Nice try retards,disbelieve,neutral
https://x.com/ug_chelsea/status/2031773354647024011?s=20,"You Khomeini ass lickers will not be annihilated, that’s fine, but you all be crippled!",disbelieve,neutral
https://x.com/ug_chelsea/status/2031773354647024011?s=20,They wish it was true it’s all Arab bullshit,disbelieve,neutral
https://x.com/ug_chelsea/status/2031773354647024011?s=20,Haaaaaaaa fake,,disbelieve,positive
https://x.com/ug_chelsea/status/2031773354647024011?s=20,AI FAKE NEWS,disbelieve,neutral
https://x.com/ug_chelsea/status/2031773354647024011?s=20,"Your Taqiyya isn’t working. It has been exposed for what it is, complete lies. The world knows islam is nothing but BS, a way to take advantage of others, to rape little boys, pillage, murder. You are scumbags!",uncertain,negative
https://x.com/ug_chelsea/status/2031773354647024011?s=20,"So, Iran can't win a war without AI?",disbelieve,neutral
https://x.com/ug_chelsea/status/2031773354647024011?s=20,This looks real 👌,believe,neutral
https://x.com/ug_chelsea/status/2031773354647024011?s=20,Fake hahahaha,disbelieve,positive
https://x.com/ug_chelsea/status/2031773354647024011?s=20,"Hahahaha so funny, Fake",disbelieve,positive
https://x.com/ug_chelsea/status/2031773354647024011?s=20,Why are you posting fake video? You seem to have turned into NAFO.,disbelieve,neutral
https://x.com/ug_chelsea/status/2031773354647024011?s=20,🤣🤣🤣🤣🤣🤣🤣🤣🤣🤣🤣🤣🤣🤣 you Muslims are hilarious 😂 and dumb 🤣🤣🤣🤣🤣,disbelieve,positive
https://x.com/ug_chelsea/status/2031773354647024011?s=20,Don't let live kill all American soldiers and cut off their heads send to trump.,believe,neutral
https://x.com/ug_chelsea/status/2031773354647024011?s=20,Chinese AI slop most probably. Definitely not real.,disbelieve,neutral
https://x.com/ug_chelsea/status/2031773354647024011?s=20,LOL so faaaake !,disbelieve,positive
https://x.com/ug_chelsea/status/2031773354647024011?s=20,cmon bro...this is AI,disbelieve,neutral
https://x.com/ug_chelsea/status/2031773354647024011?s=20,By the way fake news everybody block this account posting fake shit 🤣🤡🤡🤡🤡🤡🤡🤡,disbelieve,neutral
https://x.com/ug_chelsea/status/2031773354647024011?s=20,Stop this AI crap in social media 😒,disbelieve,neutral
https://x.com/ug_chelsea/status/2031773354647024011?s=20,This is hilarious 🤣😂😂🤣🤣😂😂,uncertain,positive
https://x.com/ug_chelsea/status/2031773354647024011?s=20,@grok cest vrai ?,uncertain,neutral
https://x.com/ug_chelsea/status/2031773354647024011?s=20,هل هذا صحيح @grok,uncertain,neutral
https://x.com/ug_chelsea/status/2031773354647024011?s=20,@grok Did Iran really take American soldiers hostage?,believe,neutral
